{"cameraMode":{"drawMode":0,"name":"Shaded","section":"Shading Mode"},"sceneLighting":false,"audioPlay":false,"sceneViewState":{"showFog":true,"showMaterialUpdate":false,"showSkybox":false,"showFlares":true,"showImageEffects":true,"showParticleSystems":true},"in2DMode":false,"pivot":{"x":-4.980634689331055,"y":7.259671688079834,"z":-1.3627400398254395},"rotation":{"x":0.3586800992488861,"y":-0.44347643852233889,"z":0.19964231550693513,"w":0.7967557311058044},"size":0.2054898738861084,"orthographic":true}