{"cameraMode":{"drawMode":0,"name":"Shaded","section":"Shading Mode"},"sceneLighting":false,"audioPlay":false,"sceneViewState":{"showFog":true,"showMaterialUpdate":false,"showSkybox":false,"showFlares":true,"showImageEffects":true,"showParticleSystems":true},"in2DMode":false,"pivot":{"x":-4.9390716552734379,"y":7.259671688079834,"z":-1.3164470195770264},"rotation":{"x":0.688847541809082,"y":-0.0010874040890485049,"z":0.0010332642123103142,"w":0.7249065041542053},"size":0.8592444062232971,"orthographic":true}